[{"model": "admin_interface.theme", "pk": 1, "fields": {"name": "Django", "active": false, "title": "Administración de Django", "title_color": "#F5DD5D", "title_visible": true, "logo": "", "logo_color": "#FFFFFF", "logo_max_width": 400, "logo_max_height": 100, "logo_visible": true, "favicon": "", "env_name": "", "env_color": "#E74C3C", "env_visible_in_header": true, "env_visible_in_favicon": true, "language_chooser_active": true, "language_chooser_control": "default-select", "language_chooser_display": "code", "css_header_background_color": "#0C4B33", "css_header_text_color": "#44B78B", "css_header_link_color": "#FFFFFF", "css_header_link_hover_color": "#C9F0DD", "css_module_background_color": "#44B78B", "css_module_background_selected_color": "#FFFFCC", "css_module_text_color": "#FFFFFF", "css_module_link_color": "#FFFFFF", "css_module_link_selected_color": "#FFFFFF", "css_module_link_hover_color": "#C9F0DD", "css_module_rounded_corners": true, "css_generic_link_color": "#0C3C26", "css_generic_link_hover_color": "#156641", "css_save_button_background_color": "#0C4B33", "css_save_button_background_hover_color": "#0C3C26", "css_save_button_text_color": "#FFFFFF", "css_delete_button_background_color": "#BA2121", "css_delete_button_background_hover_color": "#A41515", "css_delete_button_text_color": "#FFFFFF", "related_modal_active": true, "related_modal_background_color": "#000000", "related_modal_background_opacity": "0.3", "related_modal_rounded_corners": true, "related_modal_close_button_visible": true, "list_filter_highlight": true, "list_filter_dropdown": true, "list_filter_sticky": true, "list_filter_removal_links": false, "foldable_apps": true, "show_fieldsets_as_tabs": false, "show_inlines_as_tabs": false, "recent_actions_visible": true, "form_submit_sticky": false, "form_pagination_sticky": false}}, {"model": "admin_interface.theme", "pk": 2, "fields": {"name": "USWDS", "active": false, "title": "Django administration", "title_color": "#FFFFFF", "title_visible": false, "logo": "", "logo_color": "#FFFFFF", "logo_max_width": 400, "logo_max_height": 100, "logo_visible": true, "favicon": "", "env_name": "", "env_color": "#E74C3C", "env_visible_in_header": true, "env_visible_in_favicon": true, "language_chooser_active": true, "language_chooser_control": "default-select", "language_chooser_display": "code", "css_header_background_color": "#112E51", "css_header_text_color": "#FFFFFF", "css_header_link_color": "#FFFFFF", "css_header_link_hover_color": "#E1F3F8", "css_module_background_color": "#205493", "css_module_background_selected_color": "#FFFFCC", "css_module_text_color": "#FFFFFF", "css_module_link_color": "#FFFFFF", "css_module_link_selected_color": "#FFFFFF", "css_module_link_hover_color": "#E1F3F8", "css_module_rounded_corners": true, "css_generic_link_color": "#205493", "css_generic_link_hover_color": "#0071BC", "css_save_button_background_color": "#205493", "css_save_button_background_hover_color": "#112E51", "css_save_button_text_color": "#FFFFFF", "css_delete_button_background_color": "#CD2026", "css_delete_button_background_hover_color": "#981B1E", "css_delete_button_text_color": "#FFFFFF", "related_modal_active": true, "related_modal_background_color": "#000000", "related_modal_background_opacity": "0.8", "related_modal_rounded_corners": true, "related_modal_close_button_visible": true, "list_filter_highlight": true, "list_filter_dropdown": false, "list_filter_sticky": true, "list_filter_removal_links": false, "foldable_apps": true, "show_fieldsets_as_tabs": false, "show_inlines_as_tabs": false, "recent_actions_visible": true, "form_submit_sticky": false, "form_pagination_sticky": false}}, {"model": "admin_interface.theme", "pk": 3, "fields": {"name": "Foundation", "active": true, "title": "Django administration", "title_color": "#DDDDDD", "title_visible": false, "logo": "", "logo_color": "#CCCCCC", "logo_max_width": 400, "logo_max_height": 100, "logo_visible": true, "favicon": "", "env_name": "", "env_color": "#E74C3C", "env_visible_in_header": true, "env_visible_in_favicon": true, "language_chooser_active": true, "language_chooser_control": "default-select", "language_chooser_display": "code", "css_header_background_color": "#2C3840", "css_header_text_color": "#FFFFFF", "css_header_link_color": "#FFFFFF", "css_header_link_hover_color": "#DDDDDD", "css_module_background_color": "#074E68", "css_module_background_selected_color": "#FFFFCC", "css_module_text_color": "#FFFFFF", "css_module_link_color": "#FFFFFF", "css_module_link_selected_color": "#FFFFFF", "css_module_link_hover_color": "#DDDDDD", "css_module_rounded_corners": true, "css_generic_link_color": "#000000", "css_generic_link_hover_color": "#074E68", "css_save_button_background_color": "#2199E8", "css_save_button_background_hover_color": "#1585CF", "css_save_button_text_color": "#FFFFFF", "css_delete_button_background_color": "#CC4B37", "css_delete_button_background_hover_color": "#BF4634", "css_delete_button_text_color": "#FFFFFF", "related_modal_active": true, "related_modal_background_color": "#000000", "related_modal_background_opacity": "0.2", "related_modal_rounded_corners": true, "related_modal_close_button_visible": true, "list_filter_highlight": true, "list_filter_dropdown": false, "list_filter_sticky": true, "list_filter_removal_links": false, "foldable_apps": true, "show_fieldsets_as_tabs": false, "show_inlines_as_tabs": false, "recent_actions_visible": true, "form_submit_sticky": false, "form_pagination_sticky": false}}, {"model": "admin.logentry", "pk": 1, "fields": {"action_time": "2023-02-09T18:28:05.639Z", "user": 1, "content_type": 8, "object_id": "55", "object_repr": "Sop - admin", "action_flag": 1, "change_message": "[{\"added\": {}}]"}}, {"model": "admin.logentry", "pk": 2, "fields": {"action_time": "2023-02-09T18:28:52.038Z", "user": 1, "content_type": 8, "object_id": "56", "object_repr": "Sop - ymillan", "action_flag": 1, "change_message": "[{\"added\": {}}]"}}, {"model": "admin.logentry", "pk": 3, "fields": {"action_time": "2023-02-10T13:53:04.417Z", "user": 1, "content_type": 8, "object_id": "57", "object_repr": "Asp - admin", "action_flag": 3, "change_message": ""}}, {"model": "admin.logentry", "pk": 4, "fields": {"action_time": "2023-02-10T13:53:04.424Z", "user": 1, "content_type": 8, "object_id": "55", "object_repr": "Sop - admin", "action_flag": 3, "change_message": ""}}, {"model": "admin.logentry", "pk": 5, "fields": {"action_time": "2023-02-10T13:53:04.431Z", "user": 1, "content_type": 8, "object_id": "18", "object_repr": "Lav - admin", "action_flag": 3, "change_message": ""}}, {"model": "admin.logentry", "pk": 6, "fields": {"action_time": "2023-02-10T13:53:04.437Z", "user": 1, "content_type": 8, "object_id": "13", "object_repr": "Lav - admin", "action_flag": 3, "change_message": ""}}, {"model": "admin.logentry", "pk": 7, "fields": {"action_time": "2023-02-10T13:56:14.997Z", "user": 1, "content_type": 8, "object_id": "59", "object_repr": "Sop - admin", "action_flag": 1, "change_message": "[{\"added\": {}}]"}}, {"model": "admin.logentry", "pk": 8, "fields": {"action_time": "2023-02-12T22:33:43.696Z", "user": 1, "content_type": 8, "object_id": "91", "object_repr": "Sop - ymillan", "action_flag": 3, "change_message": ""}}, {"model": "admin.logentry", "pk": 9, "fields": {"action_time": "2023-02-12T22:33:43.703Z", "user": 1, "content_type": 8, "object_id": "90", "object_repr": "Asp - ymillan", "action_flag": 3, "change_message": ""}}, {"model": "admin.logentry", "pk": 10, "fields": {"action_time": "2023-02-12T22:33:43.710Z", "user": 1, "content_type": 8, "object_id": "89", "object_repr": "Sop - ymillan", "action_flag": 3, "change_message": ""}}, {"model": "admin.logentry", "pk": 11, "fields": {"action_time": "2023-02-12T22:33:43.716Z", "user": 1, "content_type": 8, "object_id": "88", "object_repr": "Asp - ymillan", "action_flag": 3, "change_message": ""}}, {"model": "admin.logentry", "pk": 12, "fields": {"action_time": "2023-02-12T22:33:43.722Z", "user": 1, "content_type": 8, "object_id": "87", "object_repr": "Sop - ymillan", "action_flag": 3, "change_message": ""}}, {"model": "admin.logentry", "pk": 13, "fields": {"action_time": "2023-02-12T22:33:43.729Z", "user": 1, "content_type": 8, "object_id": "86", "object_repr": "Sop - ymillan", "action_flag": 3, "change_message": ""}}, {"model": "admin.logentry", "pk": 14, "fields": {"action_time": "2023-02-12T22:33:43.736Z", "user": 1, "content_type": 8, "object_id": "85", "object_repr": "Asp - ymillan", "action_flag": 3, "change_message": ""}}, {"model": "admin.logentry", "pk": 15, "fields": {"action_time": "2023-02-12T22:33:43.743Z", "user": 1, "content_type": 8, "object_id": "84", "object_repr": "Asp - ymillan", "action_flag": 3, "change_message": ""}}, {"model": "admin.logentry", "pk": 16, "fields": {"action_time": "2023-02-12T22:33:43.749Z", "user": 1, "content_type": 8, "object_id": "83", "object_repr": "Sop - ymillan", "action_flag": 3, "change_message": ""}}, {"model": "admin.logentry", "pk": 17, "fields": {"action_time": "2023-02-12T22:33:43.756Z", "user": 1, "content_type": 8, "object_id": "82", "object_repr": "Asp - ymillan", "action_flag": 3, "change_message": ""}}, {"model": "admin.logentry", "pk": 18, "fields": {"action_time": "2023-02-12T22:33:43.763Z", "user": 1, "content_type": 8, "object_id": "81", "object_repr": "Sop - ymillan", "action_flag": 3, "change_message": ""}}, {"model": "admin.logentry", "pk": 19, "fields": {"action_time": "2023-02-12T22:33:43.769Z", "user": 1, "content_type": 8, "object_id": "80", "object_repr": "Sop - ymillan", "action_flag": 3, "change_message": ""}}, {"model": "admin.logentry", "pk": 20, "fields": {"action_time": "2023-02-12T22:33:43.776Z", "user": 1, "content_type": 8, "object_id": "79", "object_repr": "Lav - ymillan", "action_flag": 3, "change_message": ""}}, {"model": "admin.logentry", "pk": 21, "fields": {"action_time": "2023-02-12T22:33:43.782Z", "user": 1, "content_type": 8, "object_id": "75", "object_repr": "Sop - ymillan", "action_flag": 3, "change_message": ""}}, {"model": "admin.logentry", "pk": 22, "fields": {"action_time": "2023-02-12T22:33:43.789Z", "user": 1, "content_type": 8, "object_id": "74", "object_repr": "Sop - ymillan", "action_flag": 3, "change_message": ""}}, {"model": "auth.permission", "pk": 1, "fields": {"name": "Can add Theme", "content_type": 1, "codename": "add_theme"}}, {"model": "auth.permission", "pk": 2, "fields": {"name": "Can change Theme", "content_type": 1, "codename": "change_theme"}}, {"model": "auth.permission", "pk": 3, "fields": {"name": "Can delete Theme", "content_type": 1, "codename": "delete_theme"}}, {"model": "auth.permission", "pk": 4, "fields": {"name": "Can view Theme", "content_type": 1, "codename": "view_theme"}}, {"model": "auth.permission", "pk": 5, "fields": {"name": "Can add log entry", "content_type": 2, "codename": "add_logentry"}}, {"model": "auth.permission", "pk": 6, "fields": {"name": "Can change log entry", "content_type": 2, "codename": "change_logentry"}}, {"model": "auth.permission", "pk": 7, "fields": {"name": "Can delete log entry", "content_type": 2, "codename": "delete_logentry"}}, {"model": "auth.permission", "pk": 8, "fields": {"name": "Can view log entry", "content_type": 2, "codename": "view_logentry"}}, {"model": "auth.permission", "pk": 9, "fields": {"name": "Can add permission", "content_type": 3, "codename": "add_permission"}}, {"model": "auth.permission", "pk": 10, "fields": {"name": "Can change permission", "content_type": 3, "codename": "change_permission"}}, {"model": "auth.permission", "pk": 11, "fields": {"name": "Can delete permission", "content_type": 3, "codename": "delete_permission"}}, {"model": "auth.permission", "pk": 12, "fields": {"name": "Can view permission", "content_type": 3, "codename": "view_permission"}}, {"model": "auth.permission", "pk": 13, "fields": {"name": "Can add group", "content_type": 4, "codename": "add_group"}}, {"model": "auth.permission", "pk": 14, "fields": {"name": "Can change group", "content_type": 4, "codename": "change_group"}}, {"model": "auth.permission", "pk": 15, "fields": {"name": "Can delete group", "content_type": 4, "codename": "delete_group"}}, {"model": "auth.permission", "pk": 16, "fields": {"name": "Can view group", "content_type": 4, "codename": "view_group"}}, {"model": "auth.permission", "pk": 17, "fields": {"name": "Can add user", "content_type": 5, "codename": "add_user"}}, {"model": "auth.permission", "pk": 18, "fields": {"name": "Can change user", "content_type": 5, "codename": "change_user"}}, {"model": "auth.permission", "pk": 19, "fields": {"name": "Can delete user", "content_type": 5, "codename": "delete_user"}}, {"model": "auth.permission", "pk": 20, "fields": {"name": "Can view user", "content_type": 5, "codename": "view_user"}}, {"model": "auth.permission", "pk": 21, "fields": {"name": "Can add content type", "content_type": 6, "codename": "add_contenttype"}}, {"model": "auth.permission", "pk": 22, "fields": {"name": "Can change content type", "content_type": 6, "codename": "change_contenttype"}}, {"model": "auth.permission", "pk": 23, "fields": {"name": "Can delete content type", "content_type": 6, "codename": "delete_contenttype"}}, {"model": "auth.permission", "pk": 24, "fields": {"name": "Can view content type", "content_type": 6, "codename": "view_contenttype"}}, {"model": "auth.permission", "pk": 25, "fields": {"name": "Can add session", "content_type": 7, "codename": "add_session"}}, {"model": "auth.permission", "pk": 26, "fields": {"name": "Can change session", "content_type": 7, "codename": "change_session"}}, {"model": "auth.permission", "pk": 27, "fields": {"name": "Can delete session", "content_type": 7, "codename": "delete_session"}}, {"model": "auth.permission", "pk": 28, "fields": {"name": "Can view session", "content_type": 7, "codename": "view_session"}}, {"model": "auth.permission", "pk": 29, "fields": {"name": "Can add task", "content_type": 8, "codename": "add_task"}}, {"model": "auth.permission", "pk": 30, "fields": {"name": "Can change task", "content_type": 8, "codename": "change_task"}}, {"model": "auth.permission", "pk": 31, "fields": {"name": "Can delete task", "content_type": 8, "codename": "delete_task"}}, {"model": "auth.permission", "pk": 32, "fields": {"name": "Can view task", "content_type": 8, "codename": "view_task"}}, {"model": "auth.permission", "pk": 33, "fields": {"name": "Can add crypto price", "content_type": 9, "codename": "add_cryptoprice"}}, {"model": "auth.permission", "pk": 34, "fields": {"name": "Can change crypto price", "content_type": 9, "codename": "change_cryptoprice"}}, {"model": "auth.permission", "pk": 35, "fields": {"name": "Can delete crypto price", "content_type": 9, "codename": "delete_cryptoprice"}}, {"model": "auth.permission", "pk": 36, "fields": {"name": "Can view crypto price", "content_type": 9, "codename": "view_cryptoprice"}}, {"model": "auth.user", "pk": 1, "fields": {"password": "pbkdf2_sha256$390000$uSZTgwNLiw973Tg3jRpFno$IAK/sqMqwo6kWZOkbIHHeHbN3EB9s7zER3N/wU+akrc=", "last_login": "2023-02-15T14:55:46.144Z", "is_superuser": true, "username": "admin", "first_name": "", "last_name": "", "email": "", "is_staff": true, "is_active": true, "date_joined": "2023-02-07T16:21:36.086Z", "groups": [], "user_permissions": []}}, {"model": "auth.user", "pk": 2, "fields": {"password": "pbkdf2_sha256$390000$lqdjPTEwCuVcdNQG5zPFj8$2LX+7jmRE4PVj8blYv8s5iaMuY3FOnKinoMlgoJSFm4=", "last_login": "2023-02-14T16:58:10.953Z", "is_superuser": false, "username": "ymillan", "first_name": "", "last_name": "", "email": "", "is_staff": false, "is_active": true, "date_joined": "2023-02-07T16:22:41.127Z", "groups": [], "user_permissions": []}}, {"model": "auth.user", "pk": 3, "fields": {"password": "pbkdf2_sha256$390000$OSYP4wRseeIvVcyniKqWVq$kE9XaGiBfJm4YbDLmH5Vec+QV+Ls1mc2IbGAAyDNauc=", "last_login": "2023-02-07T16:55:12.342Z", "is_superuser": false, "username": "yub3r", "first_name": "", "last_name": "", "email": "", "is_staff": false, "is_active": true, "date_joined": "2023-02-07T16:55:12.125Z", "groups": [], "user_permissions": []}}, {"model": "contenttypes.contenttype", "pk": 1, "fields": {"app_label": "admin_interface", "model": "theme"}}, {"model": "contenttypes.contenttype", "pk": 2, "fields": {"app_label": "admin", "model": "logentry"}}, {"model": "contenttypes.contenttype", "pk": 3, "fields": {"app_label": "auth", "model": "permission"}}, {"model": "contenttypes.contenttype", "pk": 4, "fields": {"app_label": "auth", "model": "group"}}, {"model": "contenttypes.contenttype", "pk": 5, "fields": {"app_label": "auth", "model": "user"}}, {"model": "contenttypes.contenttype", "pk": 6, "fields": {"app_label": "contenttypes", "model": "contenttype"}}, {"model": "contenttypes.contenttype", "pk": 7, "fields": {"app_label": "sessions", "model": "session"}}, {"model": "contenttypes.contenttype", "pk": 8, "fields": {"app_label": "tasks", "model": "task"}}, {"model": "contenttypes.contenttype", "pk": 9, "fields": {"app_label": "tasks", "model": "cryptoprice"}}, {"model": "sessions.session", "pk": "9z40wd8jngqysys7aguhtlusl3ct77tc", "fields": {"session_data": ".eJxVjDEOAiEQRe9CbQiDIGBp7xnIwAyyaiBZdivj3XWTLbT9773_EhHXpcZ18BwnEmehxeF3S5gf3DZAd2y3LnNvyzwluSlyp0NeO_Hzsrt_BxVH_dbGgQM6giNjQwqZMZwCsDVQsnOUikJP4LRHa1Al9p60VkUDZ0MKQbw_1XU3yg:1pRyd8:v0IJbrCKuX_SfhzL1RvBa86lMPP4asXcdeZP6Mg9cNk", "expire_date": "2023-02-28T16:58:10.960Z"}}, {"model": "sessions.session", "pk": "ilb2wy7eml2kakielrmoegzpdilo1uw0", "fields": {"session_data": ".eJxVjDsOwjAQBe_iGln-JHZCSc8ZrN31Lg4gW8qnQtwdIqWA9s3Me6kE21rStvCcpqzOyqrT74ZAD647yHeot6ap1XWeUO-KPuiiry3z83K4fwcFlvKtWZCc6QfoTYxOECJ5GmNwlgE7RgtdGDwFE9Ehjt4SGhaiKEJeOlHvD_3ZORI:1pSJCE:iNjJtxOOg3rFgGxgVn5KDLGMRFA_8wtu_qsjaQ6OZBg", "expire_date": "2023-03-01T14:55:46.152Z"}}, {"model": "sessions.session", "pk": "tk0cmszjbmki2qiv72uok18u7tuxihmt", "fields": {"session_data": ".eJxVjDsOwjAQBe_iGln-JHZCSc8ZrN31Lg4gW8qnQtwdIqWA9s3Me6kE21rStvCcpqzOyqrT74ZAD647yHeot6ap1XWeUO-KPuiiry3z83K4fwcFlvKtWZCc6QfoTYxOECJ5GmNwlgE7RgtdGDwFE9Ehjt4SGhaiKEJeOlHvD_3ZORI:1pRKtX:MH9ywnijbdGId2ZZ0sS4bsjJ67iesr8udcZBcTfbgPM", "expire_date": "2023-02-26T22:32:27.206Z"}}, {"model": "sessions.session", "pk": "tul6w4g0v5pt8fj5e46nvs7ye75z8k1v", "fields": {"session_data": ".eJxVjDEOAiEQRe9CbQiDIGBp7xnIwAyyaiBZdivj3XWTLbT9773_EhHXpcZ18BwnEmehxeF3S5gf3DZAd2y3LnNvyzwluSlyp0NeO_Hzsrt_BxVH_dbGgQM6giNjQwqZMZwCsDVQsnOUikJP4LRHa1Al9p60VkUDZ0MKQbw_1XU3yg:1pPRj4:hVvfjym4Mw1h_vbWgRJk1vBgcL3apmfAEOu4TMwbLSg", "expire_date": "2023-02-21T17:25:50.983Z"}}, {"model": "tasks.task", "pk": 1, "fields": {"galpon": 1, "user": 2, "location": "CF1", "zona": "", "area": "", "tarea": "Sop", "created": "2023-02-07T16:23:12.074Z", "datecompleted": "2023-02-07T16:25:37.319Z"}}, {"model": "tasks.task", "pk": 2, "fields": {"galpon": 1, "user": 2, "location": "M4", "zona": "A", "area": "PTAL", "tarea": "Sop", "created": "2023-02-07T17:26:39.264Z", "datecompleted": "2023-02-08T19:16:58.751Z"}}, {"model": "tasks.task", "pk": 3, "fields": {"galpon": 1, "user": 2, "location": "M0", "zona": "B", "area": "PTAL", "tarea": "Lav", "created": "2023-02-07T17:27:03.849Z", "datecompleted": "2023-02-07T19:43:52.091Z"}}, {"model": "tasks.task", "pk": 4, "fields": {"galpon": 1, "user": 2, "location": "M5", "zona": "", "area": "PSFI", "tarea": "Lav", "created": "2023-02-07T17:27:34.155Z", "datecompleted": "2023-02-12T21:46:08.164Z"}}, {"model": "tasks.task", "pk": 5, "fields": {"galpon": 1, "user": 2, "location": "", "zona": "", "area": "", "tarea": "Asp", "created": "2023-02-07T18:10:56.763Z", "datecompleted": "2023-02-07T18:11:12.082Z"}}, {"model": "tasks.task", "pk": 6, "fields": {"galpon": 1, "user": 2, "location": "CF3", "zona": "", "area": "", "tarea": "Asp", "created": "2023-02-07T18:13:06.978Z", "datecompleted": "2023-02-07T18:13:21.246Z"}}, {"model": "tasks.task", "pk": 7, "fields": {"galpon": 1, "user": 2, "location": "M0", "zona": "", "area": "", "tarea": "Asp", "created": "2023-02-08T15:33:02.122Z", "datecompleted": "2023-02-12T20:25:25.605Z"}}, {"model": "tasks.task", "pk": 8, "fields": {"galpon": 1, "user": 2, "location": "CF5", "zona": "", "area": "", "tarea": "Sop", "created": "2023-02-08T15:46:20.621Z", "datecompleted": "2023-02-10T15:03:00.849Z"}}, {"model": "tasks.task", "pk": 9, "fields": {"galpon": 1, "user": 2, "location": "CF5", "zona": "", "area": "", "tarea": "Sop", "created": "2023-02-08T15:47:07.325Z", "datecompleted": "2023-02-12T21:46:09.055Z"}}, {"model": "tasks.task", "pk": 10, "fields": {"galpon": 1, "user": 2, "location": "CF4", "zona": "", "area": "", "tarea": "Asp", "created": "2023-02-08T15:47:26.098Z", "datecompleted": "2023-02-12T21:46:09.834Z"}}, {"model": "tasks.task", "pk": 11, "fields": {"galpon": 1, "user": 2, "location": "CF1", "zona": "", "area": "", "tarea": "Lav", "created": "2023-02-08T15:49:59.941Z", "datecompleted": "2023-02-08T15:50:03.400Z"}}, {"model": "tasks.task", "pk": 12, "fields": {"galpon": 1, "user": 2, "location": "M0", "zona": "", "area": "", "tarea": "Asp", "created": "2023-02-08T18:31:51.419Z", "datecompleted": "2023-02-10T18:52:43.641Z"}}, {"model": "tasks.task", "pk": 14, "fields": {"galpon": 1, "user": 2, "location": "CF3", "zona": "", "area": "", "tarea": "Lav", "created": "2023-02-08T19:08:46.840Z", "datecompleted": "2023-02-10T18:31:14.934Z"}}, {"model": "tasks.task", "pk": 15, "fields": {"galpon": 1, "user": 2, "location": "CF3", "zona": "", "area": "", "tarea": "Lav", "created": "2023-02-08T19:08:51.192Z", "datecompleted": "2023-02-10T18:53:00.433Z"}}, {"model": "tasks.task", "pk": 16, "fields": {"galpon": 1, "user": 2, "location": "M5", "zona": "B", "area": "PTAL", "tarea": "Sop", "created": "2023-02-08T19:15:21.184Z", "datecompleted": "2023-02-09T11:42:55.725Z"}}, {"model": "tasks.task", "pk": 17, "fields": {"galpon": 1, "user": 2, "location": "M5", "zona": "B", "area": "PTAL", "tarea": "Sop", "created": "2023-02-08T19:24:44.684Z", "datecompleted": "2023-02-12T20:29:48.399Z"}}, {"model": "tasks.task", "pk": 19, "fields": {"galpon": 1, "user": 2, "location": "CF1", "zona": "", "area": "", "tarea": "Asp", "created": "2023-02-09T11:42:47.372Z", "datecompleted": "2023-02-09T11:48:49.556Z"}}, {"model": "tasks.task", "pk": 20, "fields": {"galpon": 1, "user": 2, "location": "CF1", "zona": "", "area": "", "tarea": "Sop", "created": "2023-02-09T11:48:35.189Z", "datecompleted": "2023-02-12T21:46:10.696Z"}}, {"model": "tasks.task", "pk": 21, "fields": {"galpon": 1, "user": 2, "location": "CF3", "zona": "", "area": "", "tarea": "Asp", "created": "2023-02-09T11:54:49.304Z", "datecompleted": "2023-02-10T18:32:29.822Z"}}, {"model": "tasks.task", "pk": 22, "fields": {"galpon": 1, "user": 2, "location": "CF3", "zona": "", "area": "", "tarea": "Asp", "created": "2023-02-09T12:24:06.336Z", "datecompleted": "2023-02-09T12:24:27.284Z"}}, {"model": "tasks.task", "pk": 23, "fields": {"galpon": 1, "user": 2, "location": "CF3", "zona": "", "area": "", "tarea": "Sop", "created": "2023-02-09T12:28:31.187Z", "datecompleted": "2023-02-12T21:46:11.626Z"}}, {"model": "tasks.task", "pk": 24, "fields": {"galpon": 1, "user": 2, "location": "CF3", "zona": "", "area": "", "tarea": "Sop", "created": "2023-02-09T12:28:44.963Z", "datecompleted": "2023-02-10T18:32:45.462Z"}}, {"model": "tasks.task", "pk": 25, "fields": {"galpon": 1, "user": 2, "location": "CF1", "zona": "", "area": "", "tarea": "Sop", "created": "2023-02-09T12:29:43.535Z", "datecompleted": "2023-02-09T12:38:14.475Z"}}, {"model": "tasks.task", "pk": 26, "fields": {"galpon": 1, "user": 2, "location": "CF4", "zona": "", "area": "", "tarea": "Sop", "created": "2023-02-09T12:31:19.868Z", "datecompleted": "2023-02-10T18:32:00.386Z"}}, {"model": "tasks.task", "pk": 27, "fields": {"galpon": 1, "user": 2, "location": "CF4", "zona": "", "area": "", "tarea": "Asp", "created": "2023-02-09T12:33:24.976Z", "datecompleted": "2023-02-10T18:32:10.785Z"}}, {"model": "tasks.task", "pk": 28, "fields": {"galpon": 1, "user": 2, "location": "CF3", "zona": "", "area": "", "tarea": "Asp", "created": "2023-02-09T12:36:47.485Z", "datecompleted": "2023-02-10T18:31:08.859Z"}}, {"model": "tasks.task", "pk": 29, "fields": {"galpon": 1, "user": 2, "location": "CF3", "zona": "", "area": "", "tarea": "Asp", "created": "2023-02-09T12:41:25.675Z", "datecompleted": "2023-02-09T14:16:23.813Z"}}, {"model": "tasks.task", "pk": 30, "fields": {"galpon": 1, "user": 2, "location": "CF3", "zona": "", "area": "", "tarea": "Sop", "created": "2023-02-09T12:41:42.536Z", "datecompleted": "2023-02-09T13:53:23.245Z"}}, {"model": "tasks.task", "pk": 31, "fields": {"galpon": 1, "user": 2, "location": "CF4", "zona": "", "area": "", "tarea": "Sop", "created": "2023-02-09T12:44:03.524Z", "datecompleted": "2023-02-10T18:32:05.818Z"}}, {"model": "tasks.task", "pk": 32, "fields": {"galpon": 1, "user": 2, "location": "CF1", "zona": "", "area": "", "tarea": "Asp", "created": "2023-02-09T12:44:24.339Z", "datecompleted": "2023-02-09T13:11:47.776Z"}}, {"model": "tasks.task", "pk": 33, "fields": {"galpon": 1, "user": 2, "location": "CF4", "zona": "", "area": "", "tarea": "Asp", "created": "2023-02-09T12:58:44.489Z", "datecompleted": "2023-02-09T13:08:26.532Z"}}, {"model": "tasks.task", "pk": 34, "fields": {"galpon": 1, "user": 2, "location": "M1", "zona": "", "area": "", "tarea": "Asp", "created": "2023-02-09T13:00:15.638Z", "datecompleted": "2023-02-09T13:08:59.232Z"}}, {"model": "tasks.task", "pk": 35, "fields": {"galpon": 1, "user": 2, "location": "M2", "zona": "", "area": "", "tarea": "Asp", "created": "2023-02-09T13:00:46.984Z", "datecompleted": "2023-02-09T13:48:22.561Z"}}, {"model": "tasks.task", "pk": 36, "fields": {"galpon": 1, "user": 2, "location": "M0", "zona": "", "area": "", "tarea": "Sop", "created": "2023-02-09T13:04:38.316Z", "datecompleted": "2023-02-09T13:51:19.863Z"}}, {"model": "tasks.task", "pk": 37, "fields": {"galpon": 1, "user": 2, "location": "M1", "zona": "B", "area": "", "tarea": "Asp", "created": "2023-02-09T13:10:24.525Z", "datecompleted": "2023-02-09T13:10:45.237Z"}}, {"model": "tasks.task", "pk": 38, "fields": {"galpon": 1, "user": 2, "location": "CF2", "zona": "", "area": "", "tarea": "Sop", "created": "2023-02-09T13:10:54.064Z", "datecompleted": "2023-02-09T13:48:13.880Z"}}, {"model": "tasks.task", "pk": 39, "fields": {"galpon": 1, "user": 2, "location": "M1", "zona": "", "area": "", "tarea": "Sop", "created": "2023-02-09T13:11:30.200Z", "datecompleted": "2023-02-09T14:15:28.893Z"}}, {"model": "tasks.task", "pk": 40, "fields": {"galpon": 1, "user": 2, "location": "M2", "zona": "", "area": "", "tarea": "Sop", "created": "2023-02-09T13:12:33.844Z", "datecompleted": "2023-02-09T13:57:59.939Z"}}, {"model": "tasks.task", "pk": 41, "fields": {"galpon": 1, "user": 2, "location": "M2", "zona": "", "area": "", "tarea": "Sop", "created": "2023-02-09T13:41:01.093Z", "datecompleted": "2023-02-09T13:41:14.779Z"}}, {"model": "tasks.task", "pk": 42, "fields": {"galpon": 1, "user": 2, "location": "M5", "zona": "", "area": "", "tarea": "Sop", "created": "2023-02-09T13:52:10.524Z", "datecompleted": "2023-02-09T13:52:33.294Z"}}, {"model": "tasks.task", "pk": 43, "fields": {"galpon": 1, "user": 2, "location": "CF1", "zona": "", "area": "", "tarea": "Lav", "created": "2023-02-09T13:56:17.016Z", "datecompleted": "2023-02-09T14:00:01.659Z"}}, {"model": "tasks.task", "pk": 44, "fields": {"galpon": 1, "user": 2, "location": "CF2", "zona": "", "area": "", "tarea": "Asp", "created": "2023-02-09T13:57:20.052Z", "datecompleted": "2023-02-10T18:53:05.629Z"}}, {"model": "tasks.task", "pk": 45, "fields": {"galpon": 1, "user": 2, "location": "CF2", "zona": "", "area": "", "tarea": "Asp", "created": "2023-02-09T13:57:44.240Z", "datecompleted": "2023-02-09T14:15:56.216Z"}}, {"model": "tasks.task", "pk": 46, "fields": {"galpon": 1, "user": 2, "location": "M3", "zona": "", "area": "", "tarea": "Sop", "created": "2023-02-09T13:59:31.353Z", "datecompleted": "2023-02-10T18:31:03.130Z"}}, {"model": "tasks.task", "pk": 47, "fields": {"galpon": 1, "user": 2, "location": "M5", "zona": "", "area": "", "tarea": "Lav", "created": "2023-02-09T14:14:38.732Z", "datecompleted": "2023-02-10T18:32:34.313Z"}}, {"model": "tasks.task", "pk": 48, "fields": {"galpon": 1, "user": 2, "location": "CF3", "zona": "", "area": "", "tarea": "Asp", "created": "2023-02-09T14:16:31.081Z", "datecompleted": "2023-02-12T21:46:12.484Z"}}, {"model": "tasks.task", "pk": 49, "fields": {"galpon": 1, "user": 2, "location": "M1", "zona": "", "area": "", "tarea": "Sop", "created": "2023-02-09T14:48:22.690Z", "datecompleted": "2023-02-09T14:52:57.316Z"}}, {"model": "tasks.task", "pk": 50, "fields": {"galpon": 1, "user": 2, "location": "CF3", "zona": "", "area": "", "tarea": "Asp", "created": "2023-02-09T14:52:25.681Z", "datecompleted": "2023-02-12T21:46:13.284Z"}}, {"model": "tasks.task", "pk": 51, "fields": {"galpon": 1, "user": 2, "location": "CF2", "zona": "", "area": "", "tarea": "Asp", "created": "2023-02-09T14:52:46.758Z", "datecompleted": "2023-02-12T21:46:14.083Z"}}, {"model": "tasks.task", "pk": 52, "fields": {"galpon": 1, "user": 2, "location": "CF2", "zona": "", "area": "", "tarea": "Sop", "created": "2023-02-09T18:11:47.858Z", "datecompleted": "2023-02-09T18:12:02.519Z"}}, {"model": "tasks.task", "pk": 53, "fields": {"galpon": 1, "user": 2, "location": "CF5", "zona": "", "area": "", "tarea": "Asp", "created": "2023-02-09T18:12:35.130Z", "datecompleted": "2023-02-09T18:12:43.084Z"}}, {"model": "tasks.task", "pk": 54, "fields": {"galpon": 1, "user": 2, "location": "CF1", "zona": "", "area": "", "tarea": "Asp", "created": "2023-02-09T18:18:44.023Z", "datecompleted": "2023-02-09T18:18:54.510Z"}}, {"model": "tasks.task", "pk": 56, "fields": {"galpon": 1, "user": 2, "location": "CF1", "zona": "", "area": "", "tarea": "Sop", "created": "2023-02-09T18:28:52.037Z", "datecompleted": "2023-02-10T14:31:37.120Z"}}, {"model": "tasks.task", "pk": 58, "fields": {"galpon": 1, "user": 1, "location": "CF1", "zona": "", "area": "", "tarea": "Sop", "created": "2023-02-09T18:30:37.738Z", "datecompleted": "2023-02-12T22:40:24.551Z"}}, {"model": "tasks.task", "pk": 59, "fields": {"galpon": 1, "user": 1, "location": "M0", "zona": "A", "area": "PTAL", "tarea": "Sop", "created": "2023-02-10T13:56:14.996Z", "datecompleted": "2023-02-10T13:56:13Z"}}, {"model": "tasks.task", "pk": 60, "fields": {"galpon": 1, "user": 2, "location": "M0", "zona": "A", "area": "PTAL", "tarea": "Sop", "created": "2023-02-10T14:30:41.783Z", "datecompleted": "2023-02-12T21:46:14.877Z"}}, {"model": "tasks.task", "pk": 61, "fields": {"galpon": 1, "user": 1, "location": "CF5", "zona": "", "area": "", "tarea": "Sop", "created": "2023-02-10T18:17:36.660Z", "datecompleted": "2023-02-12T22:40:26.856Z"}}, {"model": "tasks.task", "pk": 62, "fields": {"galpon": 1, "user": 2, "location": "M0", "zona": "B", "area": "PTAL", "tarea": "Sop", "created": "2023-02-10T18:19:14.189Z", "datecompleted": "2023-02-12T21:46:15.694Z"}}, {"model": "tasks.task", "pk": 63, "fields": {"galpon": 1, "user": 2, "location": "CF2", "zona": "", "area": "", "tarea": "Sop", "created": "2023-02-10T18:30:48.859Z", "datecompleted": "2023-02-10T18:30:53.737Z"}}, {"model": "tasks.task", "pk": 64, "fields": {"galpon": 1, "user": 2, "location": "CF1", "zona": "", "area": "", "tarea": "Sop", "created": "2023-02-10T18:32:58.687Z", "datecompleted": "2023-02-12T21:46:16.559Z"}}, {"model": "tasks.task", "pk": 65, "fields": {"galpon": 1, "user": 2, "location": "CF1", "zona": "", "area": "", "tarea": "Asp", "created": "2023-02-10T18:35:11.005Z", "datecompleted": "2023-02-10T20:01:51.929Z"}}, {"model": "tasks.task", "pk": 66, "fields": {"galpon": 1, "user": 2, "location": "CF1", "zona": "", "area": "", "tarea": "Sop", "created": "2023-02-10T18:52:38.254Z", "datecompleted": "2023-02-12T21:46:17.271Z"}}, {"model": "tasks.task", "pk": 67, "fields": {"galpon": 1, "user": 2, "location": "CF1", "zona": "", "area": "", "tarea": "Asp", "created": "2023-02-10T18:56:51.338Z", "datecompleted": "2023-02-12T21:46:18.163Z"}}, {"model": "tasks.task", "pk": 68, "fields": {"galpon": 1, "user": 2, "location": "M5", "zona": "B", "area": "PSFI", "tarea": "Lav", "created": "2023-02-10T18:57:40.960Z", "datecompleted": "2023-02-12T21:46:19.055Z"}}, {"model": "tasks.task", "pk": 69, "fields": {"galpon": 1, "user": 2, "location": "CF3", "zona": "B", "area": "PSFI", "tarea": "Lav", "created": "2023-02-10T18:59:25.330Z", "datecompleted": "2023-02-12T21:46:19.887Z"}}, {"model": "tasks.task", "pk": 70, "fields": {"galpon": 1, "user": 2, "location": "CF3", "zona": "B", "area": "PSFI", "tarea": "Lav", "created": "2023-02-10T19:05:37.846Z", "datecompleted": "2023-02-12T21:46:20.730Z"}}, {"model": "tasks.task", "pk": 71, "fields": {"galpon": 1, "user": 2, "location": "M1", "zona": "", "area": "", "tarea": "Sop", "created": "2023-02-10T19:43:30.122Z", "datecompleted": "2023-02-10T20:01:47.628Z"}}, {"model": "tasks.task", "pk": 72, "fields": {"galpon": 1, "user": 2, "location": "M1", "zona": "", "area": "", "tarea": "Sop", "created": "2023-02-10T19:54:10.652Z", "datecompleted": "2023-02-12T21:46:24.206Z"}}, {"model": "tasks.task", "pk": 73, "fields": {"galpon": 1, "user": 2, "location": "M1", "zona": "", "area": "", "tarea": "Sop", "created": "2023-02-10T20:01:36.864Z", "datecompleted": "2023-02-12T21:46:25.374Z"}}, {"model": "tasks.task", "pk": 76, "fields": {"galpon": 1, "user": 1, "location": "CF2", "zona": "", "area": "", "tarea": "Sop", "created": "2023-02-12T21:15:28.452Z", "datecompleted": "2023-02-12T22:40:27.802Z"}}, {"model": "tasks.task", "pk": 77, "fields": {"galpon": 1, "user": 1, "location": "CF1", "zona": "", "area": "", "tarea": "Sop", "created": "2023-02-12T21:15:52.841Z", "datecompleted": "2023-02-12T22:36:53.308Z"}}, {"model": "tasks.task", "pk": 78, "fields": {"galpon": 1, "user": 1, "location": "CF1", "zona": "", "area": "", "tarea": "Asp", "created": "2023-02-12T21:16:29.290Z", "datecompleted": "2023-02-12T22:36:51.469Z"}}, {"model": "tasks.task", "pk": 92, "fields": {"galpon": 1, "user": 1, "location": "M2", "zona": "", "area": "PTAL", "tarea": "Sop", "created": "2023-02-12T22:36:43.001Z", "datecompleted": "2023-02-12T22:36:50.032Z"}}, {"model": "tasks.task", "pk": 93, "fields": {"galpon": 1, "user": 1, "location": "M0", "zona": "", "area": "PTAL", "tarea": "Sop", "created": "2023-02-12T22:37:34.550Z", "datecompleted": "2023-02-12T22:40:29.149Z"}}, {"model": "tasks.task", "pk": 94, "fields": {"galpon": 1, "user": 1, "location": "CF1", "zona": "", "area": "", "tarea": "Sop", "created": "2023-02-12T22:40:19.349Z", "datecompleted": "2023-02-12T22:40:30.205Z"}}, {"model": "tasks.task", "pk": 95, "fields": {"galpon": 1, "user": 1, "location": "M2", "zona": "A", "area": "PSCA", "tarea": "Sop", "created": "2023-02-12T22:51:18.705Z", "datecompleted": "2023-02-12T22:58:44.890Z"}}, {"model": "tasks.task", "pk": 96, "fields": {"galpon": 1, "user": 1, "location": "M1", "zona": "A", "area": "PTAL", "tarea": "Asp", "created": "2023-02-12T22:58:58.778Z", "datecompleted": "2023-02-12T22:59:04.466Z"}}, {"model": "tasks.task", "pk": 97, "fields": {"galpon": 1, "user": 2, "location": "M1", "zona": "", "area": "", "tarea": "Sop", "created": "2023-02-12T23:02:16.611Z", "datecompleted": "2023-02-12T23:02:20.978Z"}}, {"model": "tasks.task", "pk": 98, "fields": {"galpon": 1, "user": 1, "location": "CF2", "zona": "", "area": "", "tarea": "Asp", "created": "2023-02-12T23:03:33.578Z", "datecompleted": "2023-02-12T23:03:55.839Z"}}, {"model": "tasks.task", "pk": 99, "fields": {"galpon": 1, "user": 2, "location": "CF1", "zona": "", "area": "", "tarea": "Sop", "created": "2023-02-12T23:04:12.414Z", "datecompleted": "2023-02-12T23:04:16.346Z"}}, {"model": "tasks.task", "pk": 100, "fields": {"galpon": 1, "user": 1, "location": "M2", "zona": "B", "area": "PTAL", "tarea": "Sop", "created": "2023-02-12T23:06:40.906Z", "datecompleted": "2023-02-12T23:11:13.364Z"}}, {"model": "tasks.task", "pk": 101, "fields": {"galpon": 1, "user": 2, "location": "M0", "zona": "A", "area": "PSCA", "tarea": "Sop", "created": "2023-02-12T23:06:56.782Z", "datecompleted": "2023-02-12T23:07:02.468Z"}}, {"model": "tasks.task", "pk": 102, "fields": {"galpon": 1, "user": 2, "location": "M0", "zona": "B", "area": "PTBA", "tarea": "Sop", "created": "2023-02-12T23:07:31.738Z", "datecompleted": "2023-02-12T23:08:04.684Z"}}, {"model": "tasks.task", "pk": 103, "fields": {"galpon": 1, "user": 1, "location": "M1", "zona": "A", "area": "PTAL", "tarea": "Asp", "created": "2023-02-12T23:11:30.132Z", "datecompleted": "2023-02-12T23:13:24.120Z"}}, {"model": "tasks.task", "pk": 104, "fields": {"galpon": 1, "user": 1, "location": "CF1", "zona": "", "area": "", "tarea": "Sop", "created": "2023-02-12T23:14:48.884Z", "datecompleted": "2023-02-12T23:14:52.238Z"}}, {"model": "tasks.task", "pk": 105, "fields": {"galpon": 1, "user": 1, "location": "M0", "zona": "A", "area": "PTAL", "tarea": "Sop", "created": "2023-02-12T23:16:45.905Z", "datecompleted": "2023-02-12T23:16:48.052Z"}}, {"model": "tasks.task", "pk": 106, "fields": {"galpon": 1, "user": 1, "location": "CF1", "zona": "", "area": "", "tarea": "Sop", "created": "2023-02-12T23:17:14.348Z", "datecompleted": "2023-02-12T23:17:24.993Z"}}, {"model": "tasks.task", "pk": 107, "fields": {"galpon": 1, "user": 2, "location": "CF3", "zona": "", "area": "", "tarea": "Sop", "created": "2023-02-12T23:20:25.242Z", "datecompleted": "2023-02-12T23:20:32.661Z"}}, {"model": "tasks.task", "pk": 108, "fields": {"galpon": 1, "user": 2, "location": "CF1", "zona": "", "area": "", "tarea": "Sop", "created": "2023-02-12T23:24:24.444Z", "datecompleted": "2023-02-12T23:24:28.650Z"}}, {"model": "tasks.task", "pk": 109, "fields": {"galpon": 1, "user": 2, "location": "M0", "zona": "B", "area": "PTBA", "tarea": "Sop", "created": "2023-02-12T23:26:16.529Z", "datecompleted": "2023-02-12T23:27:56.158Z"}}, {"model": "tasks.task", "pk": 110, "fields": {"galpon": 1, "user": 2, "location": "M0", "zona": "B", "area": "PTBA", "tarea": "Sop", "created": "2023-02-12T23:28:39.023Z", "datecompleted": "2023-02-12T23:28:46.813Z"}}, {"model": "tasks.task", "pk": 111, "fields": {"galpon": 1, "user": 2, "location": "CF2", "zona": "", "area": "", "tarea": "Sop", "created": "2023-02-12T23:35:53.702Z", "datecompleted": "2023-02-12T23:35:58.519Z"}}, {"model": "tasks.task", "pk": 112, "fields": {"galpon": 1, "user": 2, "location": "M0", "zona": "B", "area": "PTAL", "tarea": "Sop", "created": "2023-02-12T23:37:00.625Z", "datecompleted": "2023-02-12T23:37:09.003Z"}}, {"model": "tasks.task", "pk": 113, "fields": {"galpon": 1, "user": 2, "location": "CF1", "zona": "", "area": "", "tarea": "Sop", "created": "2023-02-13T01:10:52.748Z", "datecompleted": "2023-02-13T01:10:57.602Z"}}, {"model": "tasks.task", "pk": 114, "fields": {"galpon": 1, "user": 2, "location": "M0", "zona": "B", "area": "PTBA", "tarea": "Asp", "created": "2023-02-13T01:12:24.066Z", "datecompleted": "2023-02-13T01:12:46.076Z"}}, {"model": "tasks.task", "pk": 115, "fields": {"galpon": 1, "user": 2, "location": "M0", "zona": "", "area": "", "tarea": "Sop", "created": "2023-02-13T01:14:59.982Z", "datecompleted": "2023-02-13T01:15:12.481Z"}}, {"model": "tasks.task", "pk": 116, "fields": {"galpon": 1, "user": 2, "location": "M0", "zona": "A", "area": "PTBA", "tarea": "Sop", "created": "2023-02-13T01:18:54.466Z", "datecompleted": "2023-02-13T01:18:59.822Z"}}, {"model": "tasks.task", "pk": 117, "fields": {"galpon": 1, "user": 2, "location": "M0", "zona": "", "area": "", "tarea": "Asp", "created": "2023-02-13T01:19:18.999Z", "datecompleted": "2023-02-13T01:19:22.730Z"}}, {"model": "tasks.task", "pk": 118, "fields": {"galpon": 1, "user": 2, "location": "M0", "zona": "A", "area": "PTAL", "tarea": "Sop", "created": "2023-02-13T11:52:10.475Z", "datecompleted": "2023-02-13T11:53:18.040Z"}}, {"model": "tasks.task", "pk": 119, "fields": {"galpon": 1, "user": 2, "location": "M0", "zona": "A", "area": "PTAL", "tarea": "Asp", "created": "2023-02-13T12:06:08.593Z", "datecompleted": "2023-02-13T13:27:08.090Z"}}, {"model": "tasks.task", "pk": 120, "fields": {"galpon": 1, "user": 2, "location": "CF3", "zona": "", "area": "", "tarea": "Sop", "created": "2023-02-13T13:27:24.981Z", "datecompleted": "2023-02-13T13:27:30.640Z"}}, {"model": "tasks.task", "pk": 121, "fields": {"galpon": 1, "user": 2, "location": "CF1", "zona": "", "area": "", "tarea": "Sop", "created": "2023-02-13T15:36:08.591Z", "datecompleted": "2023-02-13T15:36:32.108Z"}}, {"model": "tasks.task", "pk": 122, "fields": {"galpon": 1, "user": 2, "location": "M0", "zona": "A", "area": "PSFI", "tarea": "Asp", "created": "2023-02-14T14:19:38.137Z", "datecompleted": "2023-02-14T14:19:44.336Z"}}, {"model": "tasks.task", "pk": 123, "fields": {"galpon": 1, "user": 2, "location": "CF5", "zona": "", "area": "", "tarea": "Lav", "created": "2023-02-14T14:20:32.482Z", "datecompleted": "2023-02-14T14:20:54.517Z"}}, {"model": "tasks.task", "pk": 124, "fields": {"galpon": 1, "user": 2, "location": "CF4", "zona": "", "area": "", "tarea": "Asp", "created": "2023-02-14T14:21:24.348Z", "datecompleted": "2023-02-14T14:21:27.681Z"}}, {"model": "tasks.task", "pk": 125, "fields": {"galpon": 1, "user": 1, "location": "M0", "zona": "B", "area": "PSFI", "tarea": "Sop", "created": "2023-02-14T16:57:18.639Z", "datecompleted": "2023-02-14T16:57:26.567Z"}}, {"model": "tasks.task", "pk": 126, "fields": {"galpon": 1, "user": 2, "location": "CF2", "zona": "", "area": "", "tarea": "Sop", "created": "2023-02-14T19:21:31.991Z", "datecompleted": "2023-02-14T19:24:38.339Z"}}, {"model": "tasks.task", "pk": 127, "fields": {"galpon": 1, "user": 2, "location": "CF2", "zona": "", "area": "", "tarea": "Sop", "created": "2023-02-14T19:25:41.514Z", "datecompleted": "2023-02-14T19:26:01.636Z"}}, {"model": "tasks.task", "pk": 128, "fields": {"galpon": 1, "user": 2, "location": "CF2", "zona": "", "area": "", "tarea": "Sop", "created": "2023-02-14T19:41:49.951Z", "datecompleted": "2023-02-15T13:03:54.191Z"}}, {"model": "tasks.task", "pk": 129, "fields": {"galpon": 1, "user": 2, "location": "CF2", "zona": "", "area": "", "tarea": "Lav", "created": "2023-02-15T13:24:13.817Z", "datecompleted": "2023-02-15T13:24:30.512Z"}}, {"model": "tasks.task", "pk": 130, "fields": {"galpon": 1, "user": 2, "location": "CF4", "zona": "", "area": "", "tarea": "Asp", "created": "2023-02-15T13:24:38.908Z", "datecompleted": "2023-02-15T13:28:38.700Z"}}, {"model": "tasks.task", "pk": 131, "fields": {"galpon": 1, "user": 2, "location": "CF2", "zona": "", "area": "", "tarea": "Sop", "created": "2023-02-15T13:28:44.624Z", "datecompleted": "2023-02-15T13:29:24.198Z"}}, {"model": "tasks.task", "pk": 132, "fields": {"galpon": 1, "user": 2, "location": "CF1", "zona": "", "area": "", "tarea": "Asp", "created": "2023-02-15T13:29:31.372Z", "datecompleted": "2023-02-15T13:30:02.459Z"}}, {"model": "tasks.task", "pk": 133, "fields": {"galpon": 1, "user": 2, "location": "CF1", "zona": "", "area": "", "tarea": "Lav", "created": "2023-02-15T13:30:09.274Z", "datecompleted": "2023-02-15T13:30:37.813Z"}}, {"model": "tasks.task", "pk": 134, "fields": {"galpon": 1, "user": 2, "location": "CF3", "zona": "", "area": "", "tarea": "Asp", "created": "2023-02-15T13:30:43.451Z", "datecompleted": "2023-02-15T13:57:35.804Z"}}, {"model": "tasks.task", "pk": 135, "fields": {"galpon": 1, "user": 2, "location": "CF3", "zona": "", "area": "", "tarea": "Asp", "created": "2023-02-15T13:31:50.253Z", "datecompleted": "2023-02-15T14:11:41.285Z"}}, {"model": "tasks.task", "pk": 136, "fields": {"galpon": 1, "user": 2, "location": "CF3", "zona": "", "area": "", "tarea": "Asp", "created": "2023-02-15T13:32:02.141Z", "datecompleted": "2023-02-15T14:11:54.472Z"}}, {"model": "tasks.task", "pk": 137, "fields": {"galpon": 1, "user": 2, "location": "CF3", "zona": "", "area": "", "tarea": "Asp", "created": "2023-02-15T13:32:47.115Z", "datecompleted": null}}, {"model": "tasks.task", "pk": 138, "fields": {"galpon": 1, "user": 2, "location": "CF3", "zona": "", "area": "", "tarea": "Asp", "created": "2023-02-15T13:33:39.759Z", "datecompleted": null}}, {"model": "tasks.task", "pk": 139, "fields": {"galpon": 1, "user": 2, "location": "CF3", "zona": "", "area": "", "tarea": "Asp", "created": "2023-02-15T13:34:57.879Z", "datecompleted": null}}, {"model": "tasks.task", "pk": 140, "fields": {"galpon": 1, "user": 2, "location": "CF2", "zona": "", "area": "", "tarea": "Sop", "created": "2023-02-15T13:57:46.338Z", "datecompleted": null}}, {"model": "tasks.task", "pk": 141, "fields": {"galpon": 1, "user": 2, "location": "CF2", "zona": "", "area": "", "tarea": "Sop", "created": "2023-02-15T13:58:09.614Z", "datecompleted": null}}, {"model": "tasks.task", "pk": 142, "fields": {"galpon": 1, "user": 2, "location": "CF2", "zona": "", "area": "", "tarea": "Sop", "created": "2023-02-15T13:58:29.569Z", "datecompleted": null}}, {"model": "tasks.task", "pk": 143, "fields": {"galpon": 1, "user": 2, "location": "CF2", "zona": "", "area": "", "tarea": "Sop", "created": "2023-02-15T13:58:46.886Z", "datecompleted": null}}, {"model": "tasks.task", "pk": 144, "fields": {"galpon": 1, "user": 2, "location": "CF2", "zona": "", "area": "", "tarea": "Sop", "created": "2023-02-15T13:59:48.077Z", "datecompleted": null}}, {"model": "tasks.task", "pk": 145, "fields": {"galpon": 1, "user": 2, "location": "CF2", "zona": "", "area": "", "tarea": "Sop", "created": "2023-02-15T14:00:10.690Z", "datecompleted": null}}, {"model": "tasks.task", "pk": 146, "fields": {"galpon": 1, "user": 2, "location": "CF2", "zona": "", "area": "", "tarea": "Sop", "created": "2023-02-15T14:06:54.796Z", "datecompleted": null}}, {"model": "tasks.task", "pk": 147, "fields": {"galpon": 1, "user": 2, "location": "CF2", "zona": "", "area": "", "tarea": "Sop", "created": "2023-02-15T14:09:21.825Z", "datecompleted": null}}, {"model": "tasks.task", "pk": 148, "fields": {"galpon": 1, "user": 1, "location": "CF2", "zona": "", "area": "", "tarea": "Asp", "created": "2023-02-15T14:55:53.649Z", "datecompleted": "2023-02-15T14:55:57.761Z"}}, {"model": "tasks.cryptoprice", "pk": 1, "fields": {"symbol": "BTC/USD", "price": 21820.9, "created_at": "2023-02-14T13:22:59.485Z"}}, {"model": "tasks.cryptoprice", "pk": 2, "fields": {"symbol": "ETH/USD", "price": 1516.39, "created_at": "2023-02-14T13:22:59.920Z"}}, {"model": "tasks.cryptoprice", "pk": 3, "fields": {"symbol": "SOL/USD", "price": 21.507, "created_at": "2023-02-14T13:23:01.048Z"}}, {"model": "tasks.cryptoprice", "pk": 4, "fields": {"symbol": "ADA/USD", "price": 0.3629, "created_at": "2023-02-14T13:23:02.226Z"}}, {"model": "tasks.cryptoprice", "pk": 5, "fields": {"symbol": "DOT/USD", "price": 6.115, "created_at": "2023-02-14T13:23:02.583Z"}}, {"model": "tasks.cryptoprice", "pk": 6, "fields": {"symbol": "BTC/USD", "price": 21829.1, "created_at": "2023-02-14T13:26:36.084Z"}}, {"model": "tasks.cryptoprice", "pk": 7, "fields": {"symbol": "ETH/USD", "price": 1514.21, "created_at": "2023-02-14T13:26:37.168Z"}}, {"model": "tasks.cryptoprice", "pk": 8, "fields": {"symbol": "SOL/USD", "price": 21.495, "created_at": "2023-02-14T13:26:37.485Z"}}, {"model": "tasks.cryptoprice", "pk": 9, "fields": {"symbol": "ADA/USD", "price": 0.3633, "created_at": "2023-02-14T13:26:38.648Z"}}, {"model": "tasks.cryptoprice", "pk": 10, "fields": {"symbol": "DOT/USD", "price": 6.12, "created_at": "2023-02-14T13:26:39.719Z"}}, {"model": "tasks.cryptoprice", "pk": 11, "fields": {"symbol": "BTC/USD", "price": 21692.0, "created_at": "2023-02-14T13:31:48.193Z"}}, {"model": "tasks.cryptoprice", "pk": 12, "fields": {"symbol": "ETH/USD", "price": 1502.8, "created_at": "2023-02-14T13:31:49.331Z"}}, {"model": "tasks.cryptoprice", "pk": 13, "fields": {"symbol": "SOL/USD", "price": 21.198, "created_at": "2023-02-14T13:31:49.740Z"}}, {"model": "tasks.cryptoprice", "pk": 14, "fields": {"symbol": "ADA/USD", "price": 0.3586, "created_at": "2023-02-14T13:31:50.867Z"}}, {"model": "tasks.cryptoprice", "pk": 15, "fields": {"symbol": "DOT/USD", "price": 6.057, "created_at": "2023-02-14T13:31:51.944Z"}}, {"model": "tasks.cryptoprice", "pk": 16, "fields": {"symbol": "BTC/USD", "price": 21754.5, "created_at": "2023-02-14T13:36:47.932Z"}}, {"model": "tasks.cryptoprice", "pk": 17, "fields": {"symbol": "ETH/USD", "price": 1517.44, "created_at": "2023-02-14T13:36:48.851Z"}}, {"model": "tasks.cryptoprice", "pk": 18, "fields": {"symbol": "SOL/USD", "price": 21.545, "created_at": "2023-02-14T13:36:49.774Z"}}, {"model": "tasks.cryptoprice", "pk": 19, "fields": {"symbol": "ADA/USD", "price": 0.3603, "created_at": "2023-02-14T13:36:50.649Z"}}, {"model": "tasks.cryptoprice", "pk": 20, "fields": {"symbol": "DOT/USD", "price": 6.116, "created_at": "2023-02-14T13:36:51.512Z"}}, {"model": "tasks.cryptoprice", "pk": 21, "fields": {"symbol": "BTC/USD", "price": 21689.9, "created_at": "2023-02-14T13:40:29.424Z"}}, {"model": "tasks.cryptoprice", "pk": 22, "fields": {"symbol": "ETH/USD", "price": 1505.85, "created_at": "2023-02-14T13:40:30.341Z"}}, {"model": "tasks.cryptoprice", "pk": 23, "fields": {"symbol": "SOL/USD", "price": 21.214, "created_at": "2023-02-14T13:40:31.265Z"}}, {"model": "tasks.cryptoprice", "pk": 24, "fields": {"symbol": "ADA/USD", "price": 0.3588, "created_at": "2023-02-14T13:40:32.187Z"}}, {"model": "tasks.cryptoprice", "pk": 25, "fields": {"symbol": "DOT/USD", "price": 6.066, "created_at": "2023-02-14T13:40:33.105Z"}}, {"model": "tasks.cryptoprice", "pk": 26, "fields": {"symbol": "BTC/USD", "price": 21681.9, "created_at": "2023-02-14T13:40:55.484Z"}}, {"model": "tasks.cryptoprice", "pk": 27, "fields": {"symbol": "ETH/USD", "price": 1503.87, "created_at": "2023-02-14T13:40:56.045Z"}}, {"model": "tasks.cryptoprice", "pk": 28, "fields": {"symbol": "SOL/USD", "price": 21.17, "created_at": "2023-02-14T13:40:56.972Z"}}, {"model": "tasks.cryptoprice", "pk": 29, "fields": {"symbol": "ADA/USD", "price": 0.3584, "created_at": "2023-02-14T13:40:57.958Z"}}, {"model": "tasks.cryptoprice", "pk": 30, "fields": {"symbol": "DOT/USD", "price": 6.063, "created_at": "2023-02-14T13:40:58.459Z"}}, {"model": "tasks.cryptoprice", "pk": 31, "fields": {"symbol": "BTC/USD", "price": 21730.5, "created_at": "2023-02-14T13:42:38.444Z"}}, {"model": "tasks.cryptoprice", "pk": 32, "fields": {"symbol": "ETH/USD", "price": 1510.9, "created_at": "2023-02-14T13:42:39.578Z"}}, {"model": "tasks.cryptoprice", "pk": 33, "fields": {"symbol": "SOL/USD", "price": 21.317, "created_at": "2023-02-14T13:42:40.084Z"}}, {"model": "tasks.cryptoprice", "pk": 34, "fields": {"symbol": "ADA/USD", "price": 0.3592, "created_at": "2023-02-14T13:42:40.499Z"}}, {"model": "tasks.cryptoprice", "pk": 35, "fields": {"symbol": "DOT/USD", "price": 6.087, "created_at": "2023-02-14T13:42:40.904Z"}}, {"model": "tasks.cryptoprice", "pk": 36, "fields": {"symbol": "BTC/USD", "price": 21724.1, "created_at": "2023-02-14T13:43:38.046Z"}}, {"model": "tasks.cryptoprice", "pk": 37, "fields": {"symbol": "ETH/USD", "price": 1508.36, "created_at": "2023-02-14T13:43:39.175Z"}}, {"model": "tasks.cryptoprice", "pk": 38, "fields": {"symbol": "SOL/USD", "price": 21.292, "created_at": "2023-02-14T13:43:40.297Z"}}, {"model": "tasks.cryptoprice", "pk": 39, "fields": {"symbol": "ADA/USD", "price": 0.359, "created_at": "2023-02-14T13:43:41.378Z"}}, {"model": "tasks.cryptoprice", "pk": 40, "fields": {"symbol": "DOT/USD", "price": 6.083, "created_at": "2023-02-14T13:43:42.546Z"}}, {"model": "tasks.cryptoprice", "pk": 41, "fields": {"symbol": "BTC/USD", "price": 21740.9, "created_at": "2023-02-14T13:44:01.199Z"}}, {"model": "tasks.cryptoprice", "pk": 42, "fields": {"symbol": "ETH/USD", "price": 1511.02, "created_at": "2023-02-14T13:44:02.279Z"}}, {"model": "tasks.cryptoprice", "pk": 43, "fields": {"symbol": "SOL/USD", "price": 21.359, "created_at": "2023-02-14T13:44:03.437Z"}}, {"model": "tasks.cryptoprice", "pk": 44, "fields": {"symbol": "ADA/USD", "price": 0.3597, "created_at": "2023-02-14T13:44:03.848Z"}}, {"model": "tasks.cryptoprice", "pk": 45, "fields": {"symbol": "DOT/USD", "price": 6.092, "created_at": "2023-02-14T13:44:04.930Z"}}, {"model": "tasks.cryptoprice", "pk": 46, "fields": {"symbol": "BTC/USD", "price": 21732.0, "created_at": "2023-02-14T13:44:21.763Z"}}, {"model": "tasks.cryptoprice", "pk": 47, "fields": {"symbol": "ETH/USD", "price": 1509.79, "created_at": "2023-02-14T13:44:22.850Z"}}, {"model": "tasks.cryptoprice", "pk": 48, "fields": {"symbol": "SOL/USD", "price": 21.292, "created_at": "2023-02-14T13:44:24.001Z"}}, {"model": "tasks.cryptoprice", "pk": 49, "fields": {"symbol": "ADA/USD", "price": 0.3594, "created_at": "2023-02-14T13:44:25.354Z"}}, {"model": "tasks.cryptoprice", "pk": 50, "fields": {"symbol": "DOT/USD", "price": 6.083, "created_at": "2023-02-14T13:44:26.478Z"}}, {"model": "tasks.cryptoprice", "pk": 51, "fields": {"symbol": "BTC/USD", "price": 21697.8, "created_at": "2023-02-14T13:45:06.950Z"}}, {"model": "tasks.cryptoprice", "pk": 52, "fields": {"symbol": "ETH/USD", "price": 1507.13, "created_at": "2023-02-14T13:45:07.333Z"}}, {"model": "tasks.cryptoprice", "pk": 53, "fields": {"symbol": "SOL/USD", "price": 21.249, "created_at": "2023-02-14T13:45:07.748Z"}}, {"model": "tasks.cryptoprice", "pk": 54, "fields": {"symbol": "ADA/USD", "price": 0.3589, "created_at": "2023-02-14T13:45:08.156Z"}}, {"model": "tasks.cryptoprice", "pk": 55, "fields": {"symbol": "DOT/USD", "price": 6.076, "created_at": "2023-02-14T13:45:09.282Z"}}, {"model": "tasks.cryptoprice", "pk": 56, "fields": {"symbol": "BTC/USD", "price": 21704.9, "created_at": "2023-02-14T13:45:36.211Z"}}, {"model": "tasks.cryptoprice", "pk": 57, "fields": {"symbol": "ETH/USD", "price": 1508.72, "created_at": "2023-02-14T13:45:37.340Z"}}, {"model": "tasks.cryptoprice", "pk": 58, "fields": {"symbol": "SOL/USD", "price": 21.27, "created_at": "2023-02-14T13:45:37.656Z"}}, {"model": "tasks.cryptoprice", "pk": 59, "fields": {"symbol": "ADA/USD", "price": 0.3589, "created_at": "2023-02-14T13:45:38.774Z"}}, {"model": "tasks.cryptoprice", "pk": 60, "fields": {"symbol": "DOT/USD", "price": 6.069, "created_at": "2023-02-14T13:45:40.002Z"}}, {"model": "tasks.cryptoprice", "pk": 61, "fields": {"symbol": "BTC/USD", "price": 21749.0, "created_at": "2023-02-14T13:47:49.536Z"}}, {"model": "tasks.cryptoprice", "pk": 62, "fields": {"symbol": "ETH/USD", "price": 1512.95, "created_at": "2023-02-14T13:47:53.539Z"}}, {"model": "tasks.cryptoprice", "pk": 63, "fields": {"symbol": "SOL/USD", "price": 21.419, "created_at": "2023-02-14T13:47:53.916Z"}}, {"model": "tasks.cryptoprice", "pk": 64, "fields": {"symbol": "ADA/USD", "price": 0.3598, "created_at": "2023-02-14T13:47:54.351Z"}}, {"model": "tasks.cryptoprice", "pk": 65, "fields": {"symbol": "DOT/USD", "price": 6.12, "created_at": "2023-02-14T13:47:54.762Z"}}, {"model": "tasks.cryptoprice", "pk": 66, "fields": {"symbol": "BTC/USD", "price": 21767.8, "created_at": "2023-02-14T13:48:31.730Z"}}, {"model": "tasks.cryptoprice", "pk": 67, "fields": {"symbol": "ETH/USD", "price": 1515.24, "created_at": "2023-02-14T13:48:32.137Z"}}, {"model": "tasks.cryptoprice", "pk": 68, "fields": {"symbol": "SOL/USD", "price": 21.463, "created_at": "2023-02-14T13:48:32.452Z"}}, {"model": "tasks.cryptoprice", "pk": 69, "fields": {"symbol": "ADA/USD", "price": 0.36, "created_at": "2023-02-14T13:48:33.572Z"}}, {"model": "tasks.cryptoprice", "pk": 70, "fields": {"symbol": "DOT/USD", "price": 6.125, "created_at": "2023-02-14T13:48:33.980Z"}}, {"model": "tasks.cryptoprice", "pk": 71, "fields": {"symbol": "BTC/USD", "price": 21763.9, "created_at": "2023-02-14T13:48:52.309Z"}}, {"model": "tasks.cryptoprice", "pk": 72, "fields": {"symbol": "ETH/USD", "price": 1514.71, "created_at": "2023-02-14T13:48:52.722Z"}}, {"model": "tasks.cryptoprice", "pk": 73, "fields": {"symbol": "SOL/USD", "price": 21.421, "created_at": "2023-02-14T13:48:53.847Z"}}, {"model": "tasks.cryptoprice", "pk": 74, "fields": {"symbol": "ADA/USD", "price": 0.36, "created_at": "2023-02-14T13:48:54.260Z"}}, {"model": "tasks.cryptoprice", "pk": 75, "fields": {"symbol": "DOT/USD", "price": 6.115, "created_at": "2023-02-14T13:48:54.581Z"}}, {"model": "tasks.cryptoprice", "pk": 76, "fields": {"symbol": "BTC/USD", "price": 21759.7, "created_at": "2023-02-14T13:49:55.957Z"}}, {"model": "tasks.cryptoprice", "pk": 77, "fields": {"symbol": "ETH/USD", "price": 1515.12, "created_at": "2023-02-14T13:49:57.132Z"}}, {"model": "tasks.cryptoprice", "pk": 78, "fields": {"symbol": "SOL/USD", "price": 21.435, "created_at": "2023-02-14T13:49:57.540Z"}}, {"model": "tasks.cryptoprice", "pk": 79, "fields": {"symbol": "ADA/USD", "price": 0.3601, "created_at": "2023-02-14T13:49:57.936Z"}}, {"model": "tasks.cryptoprice", "pk": 80, "fields": {"symbol": "DOT/USD", "price": 6.123, "created_at": "2023-02-14T13:49:58.258Z"}}, {"model": "tasks.cryptoprice", "pk": 81, "fields": {"symbol": "BTC/USD", "price": 22017.3, "created_at": "2023-02-14T16:41:53.097Z"}}, {"model": "tasks.cryptoprice", "pk": 82, "fields": {"symbol": "ETH/USD", "price": 1539.7, "created_at": "2023-02-14T16:41:53.460Z"}}, {"model": "tasks.cryptoprice", "pk": 83, "fields": {"symbol": "SOL/USD", "price": 21.786, "created_at": "2023-02-14T16:41:53.875Z"}}, {"model": "tasks.cryptoprice", "pk": 84, "fields": {"symbol": "ADA/USD", "price": 0.3801, "created_at": "2023-02-14T16:41:54.279Z"}}, {"model": "tasks.cryptoprice", "pk": 85, "fields": {"symbol": "DOT/USD", "price": 6.175, "created_at": "2023-02-14T16:41:54.590Z"}}, {"model": "tasks.cryptoprice", "pk": 86, "fields": {"symbol": "BTC/USD", "price": 22054.8, "created_at": "2023-02-14T18:00:58.198Z"}}, {"model": "tasks.cryptoprice", "pk": 87, "fields": {"symbol": "ETH/USD", "price": 1546.22, "created_at": "2023-02-14T18:00:59.223Z"}}, {"model": "tasks.cryptoprice", "pk": 88, "fields": {"symbol": "SOL/USD", "price": 21.75, "created_at": "2023-02-14T18:01:00.096Z"}}, {"model": "tasks.cryptoprice", "pk": 89, "fields": {"symbol": "ADA/USD", "price": 0.3819, "created_at": "2023-02-14T18:01:01.055Z"}}, {"model": "tasks.cryptoprice", "pk": 90, "fields": {"symbol": "BTC/USD", "price": 22057.9, "created_at": "2023-02-14T18:01:01.568Z"}}, {"model": "tasks.cryptoprice", "pk": 91, "fields": {"symbol": "DOT/USD", "price": 6.205, "created_at": "2023-02-14T18:01:01.985Z"}}, {"model": "tasks.cryptoprice", "pk": 92, "fields": {"symbol": "ETH/USD", "price": 1546.22, "created_at": "2023-02-14T18:01:02.388Z"}}, {"model": "tasks.cryptoprice", "pk": 93, "fields": {"symbol": "SOL/USD", "price": 21.756, "created_at": "2023-02-14T18:01:03.308Z"}}, {"model": "tasks.cryptoprice", "pk": 94, "fields": {"symbol": "ADA/USD", "price": 0.382, "created_at": "2023-02-14T18:01:04.130Z"}}, {"model": "tasks.cryptoprice", "pk": 95, "fields": {"symbol": "DOT/USD", "price": 6.205, "created_at": "2023-02-14T18:01:04.992Z"}}, {"model": "tasks.cryptoprice", "pk": 96, "fields": {"symbol": "BTC/USD", "price": 22149.4, "created_at": "2023-02-14T19:19:50.533Z"}}, {"model": "tasks.cryptoprice", "pk": 97, "fields": {"symbol": "ETH/USD", "price": 1553.67, "created_at": "2023-02-14T19:19:50.933Z"}}, {"model": "tasks.cryptoprice", "pk": 98, "fields": {"symbol": "SOL/USD", "price": 21.898, "created_at": "2023-02-14T19:19:51.254Z"}}, {"model": "tasks.cryptoprice", "pk": 99, "fields": {"symbol": "ADA/USD", "price": 0.3889, "created_at": "2023-02-14T19:19:51.649Z"}}, {"model": "tasks.cryptoprice", "pk": 100, "fields": {"symbol": "DOT/USD", "price": 6.237, "created_at": "2023-02-14T19:19:52.033Z"}}, {"model": "tasks.cryptoprice", "pk": 101, "fields": {"symbol": "BTC/USD", "price": 22212.4, "created_at": "2023-02-14T19:44:00.103Z"}}, {"model": "tasks.cryptoprice", "pk": 102, "fields": {"symbol": "BTC/USD", "price": 22212.4, "created_at": "2023-02-14T19:44:00.408Z"}}, {"model": "tasks.cryptoprice", "pk": 103, "fields": {"symbol": "ETH/USD", "price": 1558.76, "created_at": "2023-02-14T19:44:01.026Z"}}, {"model": "tasks.cryptoprice", "pk": 104, "fields": {"symbol": "ETH/USD", "price": 1558.76, "created_at": "2023-02-14T19:44:01.231Z"}}, {"model": "tasks.cryptoprice", "pk": 105, "fields": {"symbol": "SOL/USD", "price": 21.977, "created_at": "2023-02-14T19:44:01.947Z"}}, {"model": "tasks.cryptoprice", "pk": 106, "fields": {"symbol": "SOL/USD", "price": 21.977, "created_at": "2023-02-14T19:44:02.057Z"}}, {"model": "tasks.cryptoprice", "pk": 107, "fields": {"symbol": "ADA/USD", "price": 0.3919, "created_at": "2023-02-14T19:44:02.815Z"}}, {"model": "tasks.cryptoprice", "pk": 108, "fields": {"symbol": "ADA/USD", "price": 0.3919, "created_at": "2023-02-14T19:44:02.880Z"}}, {"model": "tasks.cryptoprice", "pk": 109, "fields": {"symbol": "DOT/USD", "price": 6.251, "created_at": "2023-02-14T19:44:03.788Z"}}, {"model": "tasks.cryptoprice", "pk": 110, "fields": {"symbol": "DOT/USD", "price": 6.251, "created_at": "2023-02-14T19:44:03.788Z"}}, {"model": "tasks.cryptoprice", "pk": 111, "fields": {"symbol": "BTC/USD", "price": 22770.1, "created_at": "2023-02-15T13:02:26.376Z"}}, {"model": "tasks.cryptoprice", "pk": 112, "fields": {"symbol": "ETH/USD", "price": 1583.54, "created_at": "2023-02-15T13:02:27.396Z"}}, {"model": "tasks.cryptoprice", "pk": 113, "fields": {"symbol": "SOL/USD", "price": 22.437, "created_at": "2023-02-15T13:02:27.805Z"}}, {"model": "tasks.cryptoprice", "pk": 114, "fields": {"symbol": "ADA/USD", "price": 0.393, "created_at": "2023-02-15T13:02:28.211Z"}}, {"model": "tasks.cryptoprice", "pk": 115, "fields": {"symbol": "DOT/USD", "price": 6.327, "created_at": "2023-02-15T13:02:29.136Z"}}, {"model": "tasks.cryptoprice", "pk": 116, "fields": {"symbol": "BTC/USD", "price": 22764.5, "created_at": "2023-02-15T13:02:52.382Z"}}, {"model": "tasks.cryptoprice", "pk": 117, "fields": {"symbol": "ETH/USD", "price": 1583.26, "created_at": "2023-02-15T13:02:53.208Z"}}, {"model": "tasks.cryptoprice", "pk": 118, "fields": {"symbol": "SOL/USD", "price": 22.431, "created_at": "2023-02-15T13:02:53.525Z"}}, {"model": "tasks.cryptoprice", "pk": 119, "fields": {"symbol": "ADA/USD", "price": 0.393, "created_at": "2023-02-15T13:02:53.917Z"}}, {"model": "tasks.cryptoprice", "pk": 120, "fields": {"symbol": "DOT/USD", "price": 6.325, "created_at": "2023-02-15T13:02:54.795Z"}}, {"model": "tasks.cryptoprice", "pk": 121, "fields": {"symbol": "BTC/USD", "price": 22762.4, "created_at": "2023-02-15T13:28:40.346Z"}}, {"model": "tasks.cryptoprice", "pk": 122, "fields": {"symbol": "ETH/USD", "price": 1582.78, "created_at": "2023-02-15T13:28:40.785Z"}}, {"model": "tasks.cryptoprice", "pk": 123, "fields": {"symbol": "SOL/USD", "price": 22.57, "created_at": "2023-02-15T13:28:41.702Z"}}, {"model": "tasks.cryptoprice", "pk": 124, "fields": {"symbol": "ADA/USD", "price": 0.3943, "created_at": "2023-02-15T13:28:42.522Z"}}, {"model": "tasks.cryptoprice", "pk": 125, "fields": {"symbol": "DOT/USD", "price": 6.351, "created_at": "2023-02-15T13:28:43.353Z"}}, {"model": "tasks.cryptoprice", "pk": 126, "fields": {"symbol": "BTC/USD", "price": 22705.5, "created_at": "2023-02-15T13:35:18.298Z"}}, {"model": "tasks.cryptoprice", "pk": 127, "fields": {"symbol": "ETH/USD", "price": 1578.6, "created_at": "2023-02-15T13:35:18.706Z"}}, {"model": "tasks.cryptoprice", "pk": 128, "fields": {"symbol": "SOL/USD", "price": 22.501, "created_at": "2023-02-15T13:35:19.118Z"}}, {"model": "tasks.cryptoprice", "pk": 129, "fields": {"symbol": "ADA/USD", "price": 0.3926, "created_at": "2023-02-15T13:35:19.525Z"}}, {"model": "tasks.cryptoprice", "pk": 130, "fields": {"symbol": "DOT/USD", "price": 6.331, "created_at": "2023-02-15T13:35:19.933Z"}}, {"model": "tasks.cryptoprice", "pk": 131, "fields": {"symbol": "BTC/USD", "price": 22693.0, "created_at": "2023-02-15T14:11:53.969Z"}}, {"model": "tasks.cryptoprice", "pk": 132, "fields": {"symbol": "ETH/USD", "price": 1575.93, "created_at": "2023-02-15T14:11:55.104Z"}}, {"model": "tasks.cryptoprice", "pk": 133, "fields": {"symbol": "SOL/USD", "price": 22.497, "created_at": "2023-02-15T14:11:55.926Z"}}, {"model": "tasks.cryptoprice", "pk": 134, "fields": {"symbol": "ADA/USD", "price": 0.3911, "created_at": "2023-02-15T14:11:56.249Z"}}, {"model": "tasks.cryptoprice", "pk": 135, "fields": {"symbol": "DOT/USD", "price": 6.307, "created_at": "2023-02-15T14:11:57.558Z"}}]